Customer ID;Umur;Income;Product_holding;Saving;Deposit;KK;Tab Bisnis;Limit Kredit Mortgage;;;;
1234561175;27;42575689;3;29928552;22079895;856297;0;5642476605;1;1;1;0
1234561810;53;39689086;3;28300546;0;599572;17479146;4947635153;1;0;1;1
1234561778;52;34865079;2;42832622;0;2743516;0;5721156299;1;0;1;0
1234561915;40;22211174;4;27930492;18639840;4534694;18489681;5329265880;1;1;1;1
1234561363;55;17486701;2;26888914;0;0;11176695;462604202;1;0;0;1
1234561836;49;36606447;2;30354847;18926176;0;0;1920352803;1;1;0;0
1234561944;32;40633187;1;6128372;0;0;0;3225762435;1;0;0;0
1234561830;45;41752019;3;30232262;24001866;0;12135457;3923697158;1;1;0;1
1234561621;33;31574215;4;28737145;17599716;2003089;13794361;332563057;1;1;1;1
1234561498;39;13449177;3;10080989;0;2670910;14794262;2284636734;1;0;1;1
1234561169;43;45789633;3;15211111;0;870942;11825330;5168839929;1;0;1;1
1234561815;35;26679866;3;14430923;0;2636203;16411518;3937709089;1;0;1;1
1234561919;52;40259740;3;41948830;29494291;3917712;0;729569318;1;1;1;0
1234561095;35;19150805;2;1497579;0;4204077;0;3529382053;1;0;1;0
1234561624;35;46296604;2;12327710;0;2041011;0;2067814620;1;0;1;0
1234561850;31;26882172;2;32283108;0;1450620;0;5597207279;1;0;1;0
1234561891;25;11729023;2;13297047;0;0;16782180;5976636327;1;0;0;1
1234561009;32;35888958;3;32964316;0;1992980;11041308;5882725773;1;0;1;1
1234561809;33;21102039;2;31783927;0;4481486;0;1605885270;1;0;1;0
1234561832;38;41940425;3;8904456;28217465;0;18376245;5675512968;1;1;0;1
1234561193;54;33351334;3;1303912;25533913;0;12474513;4714236618;1;1;0;1
1234561398;41;12238235;2;36016430;0;0;11183793;4591669107;1;0;0;1
1234561679;48;23474959;3;37190592;0;1699508;14213785;426482175;1;0;1;1
1234561331;45;13142528;1;23505474;0;0;0;866041946;1;0;0;0
1234561000;42;28492969;3;27428467;0;4639461;12568467;5060644926;1;0;1;1
1234561107;34;14628193;3;21257307;15220587;4745684;0;1954945245;1;1;1;0
1234561162;55;30785973;2;3245372;0;1953410;0;3279989932;1;0;1;0
1234561275;41;38672614;3;33196421;0;2080363;17122297;818893341;1;0;1;1
1234561148;22;35906608;1;28911914;0;0;0;3118424503;1;0;0;0
1234561623;22;36429363;2;40494136;16963403;0;0;1356008688;1;1;0;0
1234561834;53;33517859;2;5823787;0;1161398;0;2574746858;1;0;1;0
1234561958;44;28126031;3;20227800;16026727;0;14534210;3338304264;1;1;0;1
1234561488;51;48215902;3;16891955;12312717;0;13049049;3715611960;1;1;0;1
1234561677;48;43650129;4;38920767;18887118;4257425;12513758;3471517882;1;1;1;1
1234561828;55;17536318;4;1297261;14536803;2043596;14905774;5154781845;1;1;1;1
1234561621;48;36876871;3;953192;22723920;3807015;0;753229563;1;1;1;0
1234562000;43;47960465;2;21268688;24501077;0;0;2187119532;1;1;0;0
1234561930;52;13956364;2;11010273;21475558;0;0;5932666252;1;1;0;0
1234561384;22;33770115;3;4802778;0;3967111;16012914;5600489900;1;0;1;1
1234561233;21;30999493;4;33697229;2369078;1159346;11783593;2498698736;1;1;1;1
1234561359;37;12443546;2;5354614;0;717180;0;455012568;1;0;1;0
1234561160;38;30943425;4;1514393;28267601;3477579;10092509;4033626391;1;1;1;1
1234561945;25;22477487;3;19277651;0;2856270;18879655;3382502910;1;0;1;1
1234561128;48;22136309;1;27114687;0;0;0;2099336640;1;0;0;0
1234561216;27;18470922;3;17369868;5919831;0;17292382;4865804623;1;1;0;1
1234561352;27;20474103;4;24601905;26989173;2769435;18533494;4483299840;1;1;1;1
1234561072;55;30821379;3;26854691;0;3740496;14135412;4703375804;1;0;1;1
1234561762;25;12503110;3;20681417;1900821;1491080;0;1333218125;1;1;1;0
1234561300;35;40657507;2;45664247;0;2631118;0;801374713;1;0;1;0
1234561180;25;49714566;3;47495214;0;4345708;18169369;5157550672;1;0;1;1
1234561586;51;23594390;3;19962681;4744413;0;14146596;516556123;1;1;0;1
1234561688;43;36086420;3;6541827;16400200;0;10915587;1110463316;1;1;0;1
1234561330;20;14290219;3;26116262;0;683330;15809895;1837751544;1;0;1;1
1234561361;52;40838577;3;1742933;25915121;2142785;0;3475613172;1;1;1;0
1234561899;51;21618120;1;40751623;0;0;0;2711824754;1;0;0;0
1234561130;39;47960526;3;44406082;24349607;0;18290499;1914644046;1;1;0;1
1234561421;55;39876509;4;20203148;1763132;693805;13734294;3930996536;1;1;1;1
1234561754;42;14635953;2;33528808;0;1776228;0;4583388628;1;0;1;0
1234561432;31;11826758;2;38311892;14879729;0;0;5795465217;1;1;0;0
1234561493;36;18846650;3;7110904;28237585;3387666;0;400859292;1;1;1;0
1234561110;33;30729044;2;5446259;0;0;11032573;3908605671;1;0;0;1
1234561674;34;45593468;4;14951634;18857877;748016;14069907;3427375712;1;1;1;1
1234561260;26;14790852;2;14245519;0;0;14277519;2632357516;1;0;0;1
1234561222;37;30321103;3;19406554;13708250;0;10743085;5925749857;1;1;0;1
1234561017;28;19947088;2;16157613;0;0;16811648;1370198086;1;0;0;1
1234561440;24;40795544;3;34886904;3594048;3294036;0;5929171619;1;1;1;0
1234561394;28;22279905;3;26792100;23322607;0;19479350;4107744846;1;1;0;1
1234561834;47;49729078;2;6904703;0;575083;0;3508406414;1;0;1;0
1234561720;55;23879575;3;21714779;13862040;0;19594290;1750329468;1;1;0;1
1234561566;53;35692290;3;48463655;0;1852338;11897796;5198601289;1;0;1;1
1234561265;52;15540839;2;40152790;9452809;0;0;3788907826;1;1;0;0
1234561058;53;13072816;2;36167905;0;0;19205856;4325288878;1;0;0;1
1234561132;55;43892703;1;7363859;0;0;0;1045975721;1;0;0;0
1234561249;41;49396174;4;31460097;25829873;3448544;16232492;5543190682;1;1;1;1
1234561584;53;11578511;1;6731213;0;0;0;3663143525;1;0;0;0
1234561023;28;29837462;3;8125431;0;666891;18593858;4665990380;1;0;1;1
1234561718;55;12413482;2;41943707;0;0;12487176;2073410255;1;0;0;1
1234561958;27;27218320;1;9553158;0;0;0;2596068436;1;0;0;0
1234561301;44;26077906;2;21946926;0;0;14522755;4703546444;1;0;0;1
1234561078;31;44718687;4;4328968;10967763;4533289;15988184;3831041765;1;1;1;1
1234561255;29;18672475;2;4701175;0;2176907;0;1504004877;1;0;1;0
1234561370;43;14323121;1;42411214;0;0;0;5565332818;1;0;0;0
1234561640;32;29081346;3;2254966;14125704;0;12665973;5793639056;1;1;0;1
1234561631;52;37816505;1;35695067;0;0;0;3741974512;1;0;0;0
1234561056;44;37424603;3;8442850;25804717;4851429;0;1168145175;1;1;1;0
1234561748;55;19483678;2;14581692;0;656644;0;5701933305;1;0;1;0
1234561871;36;33058337;3;45719026;27896786;683199;0;1635237570;1;1;1;0
1234561265;20;34487657;3;11965298;23994160;0;19006026;894901308;1;1;0;1
1234561746;51;12987887;3;11859800;0;597587;11054299;3471862261;1;0;1;1
1234561217;25;35668315;2;28035904;0;0;19870816;3346796435;1;0;0;1
1234561263;40;35118198;2;7184445;16897545;0;0;3816478319;1;1;0;0
1234561147;31;43216454;2;23167498;10110736;0;0;698236989;1;1;0;0
1234561301;23;45131324;3;46071173;3220845;3165850;0;5338128567;1;1;1;0
1234561945;36;33368855;2;38637394;12544419;0;0;1037361624;1;1;0;0
1234561862;45;13328039;3;33112875;8418630;0;14500523;2193795176;1;1;0;1
1234561154;24;17466496;2;26597795;0;2363565;0;5676357170;1;0;1;0
1234561924;54;28684123;1;18976975;0;0;0;646885118;1;0;0;0
1234561483;52;27337753;2;46118109;0;4797916;0;1760233339;1;0;1;0
1234561971;26;21566387;3;7508920;12494167;0;12152024;870527306;1;1;0;1
1234561399;43;25272038;2;13401283;9376898;0;0;517994565;1;1;0;0
1234561408;35;12621753;3;15972656;24666071;0;19296825;3096722094;1;1;0;1
1234561878;52;29132259;4;21111408;14136061;4033757;14681039;3813611805;1;1;1;1
1234561749;49;43174252;2;10516803;0;3856324;0;5937129231;1;0;1;0
1234561942;25;23890146;4;35267780;3762522;1159314;11699510;3699152564;1;1;1;1
1234561966;41;32237326;2;28850364;0;1853277;0;3812766956;1;0;1;0
1234561459;41;31647284;3;14052940;0;2851808;14413203;5983823234;1;0;1;1
1234561595;21;14800542;2;1296896;0;0;18204071;4570213845;1;0;0;1
1234561337;53;49474453;3;3803053;29260804;0;14052769;5851800264;1;1;0;1
1234561017;31;42546713;3;15837447;0;1966795;16445588;2424719201;1;0;1;1
1234561093;41;31505562;1;32676853;0;0;0;2217987570;1;0;0;0
1234561825;55;16917428;2;34932706;15563411;0;0;4732334876;1;1;0;0
1234561170;28;27047554;3;8726068;11425642;0;18858565;5773016416;1;1;0;1
1234561216;39;14531046;3;25631787;0;936815;18647036;917175046;1;0;1;1
1234561576;50;18556111;2;17935909;0;0;16533428;4072243251;1;0;0;1
1234561194;24;31177077;2;48532092;0;0;16664608;2863884276;1;0;0;1
1234561548;38;25840837;4;36849477;17900117;3289092;18894231;1526110183;1;1;1;1
1234561945;40;38851376;2;25252407;14672279;0;0;2119115034;1;1;0;0
1234561287;32;45951749;2;16964907;26235155;0;0;925502096;1;1;0;0
1234561106;20;17338733;3;29625087;0;2047329;19584997;4501450056;1;0;1;1
1234561216;22;23056257;2;37384460;0;726414;0;2762051299;1;0;1;0
1234561733;27;48403752;2;45686308;4235602;0;0;3946499972;1;1;0;0
1234561597;41;37304947;3;2379688;3014072;2701518;0;2225369896;1;1;1;0
1234561740;29;26303998;3;27057628;17458539;2210459;0;4135832233;1;1;1;0
1234561303;41;33101836;2;29265800;0;4229758;0;3053984078;1;0;1;0
1234561383;48;17856038;2;39478247;0;3374756;0;4512225115;1;0;1;0
1234561822;46;41516853;4;5128217;8286018;4909970;15509523;4336852431;1;1;1;1
1234561706;46;25050489;3;25767156;19883326;0;19364336;2922526726;1;1;0;1
1234561646;30;15065776;1;36038444;0;0;0;5910193886;1;0;0;0
1234561712;28;36430559;2;42283774;28628989;0;0;4405391482;1;1;0;0
1234561684;30;32143861;1;24054163;0;0;0;4079803210;1;0;0;0
1234561628;23;38278462;2;29709028;0;0;10186763;3400703403;1;0;0;1
1234561465;45;36725191;1;42504587;0;0;0;1515501867;1;0;0;0
1234561350;30;23846258;3;43360956;28281690;0;13184505;5727928733;1;1;0;1
1234561958;54;12081879;3;23944926;0;3784200;19051674;3752473086;1;0;1;1
1234561148;37;45042995;2;47938277;18877955;0;0;5701948468;1;1;0;0
1234561211;28;17346204;3;33789933;0;3638960;12678699;5192813613;1;0;1;1
1234561119;32;20898084;4;16104409;5834029;3345756;18100411;2227785825;1;1;1;1
1234561915;55;39668505;2;20763066;3599130;0;0;3981252597;1;1;0;0
1234561325;29;23414787;4;22503398;27932845;3562839;18381348;5943406254;1;1;1;1
1234561991;41;38205117;3;27794988;20194240;0;10830398;848839677;1;1;0;1
1234561909;24;10457792;3;48458586;10346003;0;15010512;5732296691;1;1;0;1
1234561923;27;12563097;2;46450814;0;0;19312215;2222042980;1;0;0;1
1234561761;54;45274307;1;13216393;0;0;0;5790538532;1;0;0;0
1234561106;32;18661209;4;43370519;8589302;4869480;15306441;5646836432;1;1;1;1
1234561157;55;48296380;3;38993821;6359390;3915783;0;1950308648;1;1;1;0
1234561739;33;21546709;1;31251423;0;0;0;1540390253;1;0;0;0
1234561647;47;29444420;2;14433140;0;1754080;0;3813778626;1;0;1;0
1234561742;51;26535979;1;47467194;0;0;0;2595309094;1;0;0;0
1234561481;55;43426822;4;33364665;18581681;1126946;19590841;3476267179;1;1;1;1
1234561030;29;39167698;1;44851810;0;0;0;3170339108;1;0;0;0
1234561271;55;23202658;3;30895546;1356112;0;16691556;4683468912;1;1;0;1
1234561602;23;36555135;2;41818158;0;0;17952029;464201138;1;0;0;1
1234561559;32;32571851;2;34834726;8819545;0;0;1397070569;1;1;0;0
1234561879;46;19033685;3;36107402;23013444;0;15842715;4779138101;1;1;0;1
1234561807;22;17175075;2;43867387;25328327;0;0;2770264306;1;1;0;0
1234561923;41;15889641;4;5271588;26907752;623241;11574764;4996969191;1;1;1;1
1234561965;23;45218412;2;32882912;0;0;14912114;3942199757;1;0;0;1
1234561595;24;20894746;2;42874682;0;671413;0;3227085638;1;0;1;0
1234561063;20;32787190;3;8556138;27371848;0;15633073;1664821364;1;1;0;1
1234561545;37;22555723;1;9190919;0;0;0;2176799501;1;0;0;0
1234561114;24;23483285;1;48286610;0;0;0;452458424;1;0;0;0
1234561178;45;45791423;4;4444990;29126348;3904185;13401825;3932804301;1;1;1;1
1234561330;39;39348272;3;15586201;11667091;4137730;0;4033193300;1;1;1;0
1234561978;38;37002328;2;25621450;0;0;13471513;5035693729;1;0;0;1
1234561724;32;31044503;3;10111486;13247520;0;18553801;5919544243;1;1;0;1
1234561224;35;32373505;3;42778150;0;3245238;19445834;3399130315;1;0;1;1
1234561880;25;29725576;3;41620239;11669815;0;17007366;2351692994;1;1;0;1
1234561798;22;10563815;1;34631692;0;0;0;5272126898;1;0;0;0
1234561599;38;46159322;3;43299485;7202569;0;16927834;4723295871;1;1;0;1
1234561247;54;45170158;3;41522370;22190842;4787437;0;2161399330;1;1;1;0
1234561915;42;18145876;2;19312333;0;4764427;0;5321287955;1;0;1;0
1234561188;24;27845343;2;38466434;0;0;14514259;939251136;1;0;0;1
1234561797;50;47587197;1;43588293;0;0;0;4423763860;1;0;0;0
1234561368;23;33286237;2;6873616;21927406;0;0;806260492;1;1;0;0
1234561482;42;35575523;1;19976568;0;0;0;4986392630;1;0;0;0
1234561854;54;39312450;4;10890832;23902064;2680454;14361530;5005461686;1;1;1;1
1234561506;32;17333921;4;16601181;17836462;3844898;11236180;2186741915;1;1;1;1
1234561496;35;16477195;2;33445789;0;0;12674074;1856856515;1;0;0;1
1234561090;26;44833027;3;42515110;15681817;3292173;0;4632669339;1;1;1;0
1234561800;37;14028401;3;29502906;11105928;4150063;0;5603938079;1;1;1;0
1234561070;49;31764870;3;35900683;0;4352114;12476241;5424626924;1;0;1;1
1234561742;35;46048512;2;46461608;0;0;18011644;2612817182;1;0;0;1
1234561806;46;13105530;3;37788769;27752707;0;19201507;927835939;1;1;0;1
1234561842;34;27609495;3;44620486;29261072;0;11211730;1443347943;1;1;0;1
1234561781;40;35627894;1;2417942;0;0;0;924572156;1;0;0;0
1234561490;37;34956826;4;21904217;17016752;1155692;14206287;494916722;1;1;1;1
1234561391;42;19906942;3;3551866;4093734;4593301;0;5417497115;1;1;1;0
1234561382;43;46747295;3;32229530;11151711;0;13377292;5869645618;1;1;0;1
1234561399;48;46970701;2;27544181;9329048;0;0;5380826218;1;1;0;0
1234561834;39;10565737;1;17517665;0;0;0;3340967768;1;0;0;0
1234561543;29;26482853;2;24514353;0;0;14730737;2059327292;1;0;0;1
1234561686;38;35819918;3;4878074;24489835;0;18083099;1791630618;1;1;0;1
1234561125;34;32685242;3;14157518;9006590;0;17434005;2283852351;1;1;0;1
1234561448;28;33968636;3;35585192;7156083;0;10976822;1228937020;1;1;0;1
1234561063;43;40472287;3;23678842;2499545;0;11261646;3456597565;1;1;0;1
1234561216;48;12738556;1;7760966;0;0;0;321462486;1;0;0;0
1234561115;35;42983764;3;12910128;0;1977797;12497123;4791301935;1;0;1;1
1234561907;53;16741148;3;48521791;28000518;610941;0;718538504;1;1;1;0
1234561026;45;21866915;2;2996909;0;0;16364685;1254481569;1;0;0;1
1234561041;23;35890985;3;44725262;10652456;0;13125440;3663526961;1;1;0;1
1234561716;54;21966654;2;7469611;2240717;0;0;4201054076;1;1;0;0
1234561003;29;19664846;4;29592240;23680650;1530945;15692733;682457269;1;1;1;1
1234561249;48;45377465;3;26999401;13116795;0;11852298;2188625379;1;1;0;1
1234561727;47;16328374;2;4323486;26086209;0;0;2594848536;1;1;0;0
1234561284;43;41530530;4;6522432;26422701;3265960;15787216;793321921;1;1;1;1
1234561176;23;11328045;1;32013326;0;0;0;1150357620;1;0;0;0
1234561164;29;35128335;3;11017768;0;4248250;11661508;3470889277;1;0;1;1
1234561515;49;13257131;2;6820859;18058510;0;0;862283099;1;1;0;0
1234561278;28;32397679;3;4687978;0;2150383;11884334;5978238787;1;0;1;1
1234561128;38;27850391;3;42196667;0;4410841;15072737;4596659057;1;0;1;1
1234561938;37;31148730;4;10089029;24144734;2001708;12818415;2524350503;1;1;1;1
1234561520;31;38331518;3;42918343;13634188;4686869;0;1940620747;1;1;1;0
1234561289;51;24979940;4;19562019;25482940;3432708;12392168;350115298;1;1;1;1
1234561177;54;35450890;2;21257344;0;0;17279191;2155755473;1;0;0;1
1234561330;44;16396410;2;11639688;10739952;0;0;4374926337;1;1;0;0
1234561670;40;16812566;2;19830811;25313375;0;0;1893546535;1;1;0;0
1234561905;40;24996246;2;40505272;0;1140685;0;4465661491;1;0;1;0
1234561088;49;15721589;2;25146183;0;0;14043530;2748146380;1;0;0;1
1234561096;52;13022352;4;16794383;24619607;4345731;17200150;3092520757;1;1;1;1
1234562000;49;14825451;3;35861494;0;3185884;17352261;551243087;1;0;1;1
1234561239;34;24899256;2;47426657;0;0;11974251;3768810877;1;0;0;1
1234561012;55;44741778;4;21550898;23500794;3540575;15264622;606099787;1;1;1;1
1234561711;54;49084999;2;48073230;0;0;14392791;2329278009;1;0;0;1
1234561100;51;25057417;3;21764000;0;3550108;12834403;3397268471;1;0;1;1
1234561330;46;35107077;2;27166721;29598980;0;0;4980456790;1;1;0;0
1234561150;42;27450005;2;17751336;16589703;0;0;2916829292;1;1;0;0
1234561404;20;12275848;2;49285145;26375335;0;0;2601648683;1;1;0;0
1234561212;34;32144251;2;29332469;0;4315627;0;3623617368;1;0;1;0
1234561442;45;33965847;2;47567654;23098757;0;0;4496843740;1;1;0;0
1234561049;21;16758884;2;43697508;0;0;11233469;2047854325;1;0;0;1
1234561419;41;23954624;2;40880054;0;0;17347256;2257026836;1;0;0;1
1234561567;38;18359042;2;30353726;0;4051228;0;1853806761;1;0;1;0
1234562000;33;13498813;3;15258523;20418717;0;16679953;3139228312;1;1;0;1
1234561469;34;16209510;2;47508702;0;0;12550967;5985229610;1;0;0;1
1234561546;23;37894676;3;23390063;0;4556834;13057421;5779995224;1;0;1;1
1234561011;51;27735654;3;2860892;0;4069825;12131987;5242526435;1;0;1;1
1234561302;55;43484247;1;25458327;0;0;0;3706346774;1;0;0;0
1234561216;41;41253590;2;36012583;0;0;12531213;4788642146;1;0;0;1
1234561863;41;42912519;1;38198316;0;0;0;3496090440;1;0;0;0
1234561608;38;45317407;3;22941664;17572591;0;16195934;5229706221;1;1;0;1
1234561554;24;11180377;2;3887802;0;2626612;0;661374423;1;0;1;0
1234561039;55;38962171;2;46696176;0;2374947;0;4493801028;1;0;1;0
1234561039;44;13095154;2;14434386;0;3109299;0;3511695876;1;0;1;0
1234561692;26;14760738;4;35910148;26553679;4643674;15662034;4441001073;1;1;1;1
1234561027;23;34532449;3;15316475;13701852;3344367;0;3037230168;1;1;1;0
1234561009;28;32475798;2;34770698;28783223;0;0;452725403;1;1;0;0
1234561939;33;14394105;4;2212305;3275370;2145873;15620408;2691205854;1;1;1;1
1234561886;39;44021432;3;1170030;8621263;2671086;0;711903799;1;1;1;0
1234561200;37;40255740;2;28167611;1058374;0;0;2054573426;1;1;0;0
1234561606;43;49770807;4;2192238;23548129;2538554;19051416;3835085587;1;1;1;1
1234561788;45;36968520;2;38006179;0;3659280;0;1221646496;1;0;1;0
1234561572;20;48494239;3;39578910;13303427;4230633;0;534660130;1;1;1;0
1234561688;21;22645781;4;48266984;19194088;572926;19687583;5317945377;1;1;1;1
1234561253;40;44477071;2;3086373;0;784388;0;4633897765;1;0;1;0
1234561947;31;12635102;2;9698283;0;743810;0;2743933639;1;0;1;0
1234561861;35;18608920;3;32385627;10630145;2571248;0;2960980261;1;1;1;0
1234561801;42;25337791;3;37061428;0;2123135;10642034;859135219;1;0;1;1
1234561012;48;41219015;4;37383749;9414380;1386425;10603564;2012663546;1;1;1;1
1234561762;46;44245008;2;26694323;0;969754;0;4449641525;1;0;1;0
1234561758;49;12278078;2;10518568;0;0;15930168;5467653353;1;0;0;1
1234561456;33;23943959;4;16426521;28997661;3610965;18392692;1159430980;1;1;1;1
1234561932;23;33777340;1;10327607;0;0;0;2946333472;1;0;0;0
1234561029;30;14805392;2;15668810;0;3709658;0;2097017277;1;0;1;0
1234561409;35;26367501;3;17482751;12606792;3120279;0;3430130279;1;1;1;0
1234561009;42;21737012;2;40333466;0;0;10089819;4425655800;1;0;0;1
1234561578;55;30884865;2;28573935;0;0;11439787;4829395926;1;0;0;1
1234561150;46;48723134;2;39849871;14858491;0;0;4061269831;1;1;0;0
1234561748;20;22397289;4;30565940;27642895;2233329;17464678;5383826641;1;1;1;1
1234561147;26;19365052;4;25761226;18219047;2457022;19633381;4400969014;1;1;1;1
1234561684;38;11451390;2;28557001;0;1565058;0;2762677923;1;0;1;0
1234561286;36;37038905;1;9359789;0;0;0;3438232445;1;0;0;0
1234561700;21;35245733;3;10661312;0;2383518;14431444;320355045;1;0;1;1
1234561270;51;17592329;2;46404362;0;3952437;0;3649966405;1;0;1;0
1234561649;24;26014803;2;31198010;0;3537168;0;1973077393;1;0;1;0
1234561141;43;48828699;3;15629035;3892501;1320884;0;3410213615;1;1;1;0
1234561818;51;25356074;3;26843366;15227775;3601728;0;832812235;1;1;1;0
1234561841;20;17126668;2;29371457;0;0;12577729;598334153;1;0;0;1
1234561969;42;12498972;3;26690355;23735115;4182250;0;1925037916;1;1;1;0
1234561756;35;25567897;1;23106991;0;0;0;4712458954;1;0;0;0
1234561166;28;20475166;1;47641176;0;0;0;310255395;1;0;0;0
1234561211;50;11062748;2;44316984;0;2333565;0;4252145627;1;0;1;0
1234561197;30;37504642;3;2868600;18186981;2484791;0;425472627;1;1;1;0
1234561297;36;16494169;3;2269864;23580736;1563557;0;2185076630;1;1;1;0
1234561791;33;26903837;2;28993528;28861622;0;0;2363864617;1;1;0;0
1234561587;36;45174689;2;29741203;0;0;14780878;2031510712;1;0;0;1
1234561204;20;30644688;3;20939543;0;3862234;14701633;3962980641;1;0;1;1
1234561846;37;17166292;3;31721141;10486722;1690849;0;4133383526;1;1;1;0
1234561990;25;27746639;2;23413533;10004317;0;0;4385915860;1;1;0;0
1234561820;25;34671873;3;2864914;23720318;2010452;0;3543643768;1;1;1;0
1234561609;32;22047334;3;9570097;0;1674071;17531139;3044823794;1;0;1;1
1234561494;38;31606132;4;2770050;9692397;3654492;18220089;5694417555;1;1;1;1
1234561850;21;36100771;3;8523875;18056936;2088033;0;3918824642;1;1;1;0
1234561858;23;43357495;4;12626635;26565581;4485510;13434000;530592087;1;1;1;1
1234561354;54;14277434;4;2463719;16565589;4616891;12267664;2046437019;1;1;1;1
1234561224;48;37490544;2;8685236;19908318;0;0;1118007531;1;1;0;0
1234561938;41;49778782;3;32702947;0;1894105;19114949;2752736564;1;0;1;1
1234561368;25;34458197;2;23240209;0;0;13645496;5665472503;1;0;0;1
1234561724;20;48386239;2;1676422;0;0;17837618;5471334984;1;0;0;1
1234561398;49;11999006;3;9692039;15666188;0;12180528;3910217623;1;1;0;1
1234561803;23;40517361;1;24058569;0;0;0;3031311305;1;0;0;0
1234561064;31;21050121;2;38761324;23507515;0;0;3409626371;1;1;0;0
1234561681;42;13123551;4;40628617;8569655;2148068;14881661;3852976561;1;1;1;1
1234561156;23;29892793;3;36309117;0;3527762;12380580;4832237693;1;0;1;1
1234561783;44;13334317;2;8157328;0;0;13654395;3231469354;1;0;0;1
1234561813;31;18681634;4;15936520;15106493;3822356;16171892;5715036563;1;1;1;1
1234561100;42;48026820;2;16699724;0;0;16958685;1914115326;1;0;0;1
1234561371;31;31751625;1;6392065;0;0;0;5006138568;1;0;0;0
1234561431;33;39883284;3;33750049;15370096;0;16494819;5583279397;1;1;0;1
1234561516;34;30129838;4;49368733;17254167;2946323;16198312;3715259481;1;1;1;1
1234561687;37;17189308;2;47708640;0;0;12235155;3678921196;1;0;0;1
1234561052;20;42164771;2;25469423;0;1233904;0;794355005;1;0;1;0
1234561259;47;15405628;1;43469578;0;0;0;5860237868;1;0;0;0
1234561214;38;47252815;3;18718346;21146469;0;10778304;5888561647;1;1;0;1
1234561487;28;18135223;2;19449620;15032735;0;0;2636565219;1;1;0;0
1234561697;44;38448860;2;46984853;0;0;18103332;5072888260;1;0;0;1
1234561921;42;20913649;1;2436839;0;0;0;4580817164;1;0;0;0
1234561072;55;20063111;4;3031010;23378473;3066806;14811881;2223620970;1;1;1;1
1234561606;48;16867297;1;31573422;0;0;0;3110912420;1;0;0;0
1234561566;24;47621121;4;31869104;7266104;3757736;10566605;2591084389;1;1;1;1
1234561835;23;48802361;4;8141791;23930211;2788128;15829912;4914512062;1;1;1;1
1234561751;55;33094316;2;44005125;0;2326166;0;5538919851;1;0;1;0
1234561196;48;45321884;2;41731015;27912365;0;0;5740619937;1;1;0;0
1234561169;21;26469178;1;7031427;0;0;0;844407058;1;0;0;0
1234561260;34;30089540;1;27280417;0;0;0;4385896850;1;0;0;0
1234561398;55;36854025;3;36067903;18616692;2346411;0;5077555770;1;1;1;0
1234561685;33;39238002;2;14581375;0;4787241;0;1569816654;1;0;1;0
1234561686;49;39754505;3;30205997;8459038;4232156;0;1733991110;1;1;1;0
1234561664;38;36713533;2;43245075;0;3610295;0;1940800079;1;0;1;0
1234561744;21;34298847;4;20314134;22606077;3342850;18872498;5915514732;1;1;1;1
1234561647;42;15659932;1;2933826;0;0;0;4112465903;1;0;0;0
1234561777;39;42181377;3;49621029;5660298;0;10006908;653153010;1;1;0;1
1234561414;53;39266859;2;47891384;0;0;17550674;1428801929;1;0;0;1
1234561338;37;17649786;3;3007880;14223581;4950049;0;1063720499;1;1;1;0
1234561188;21;44289808;2;43598275;0;0;10828217;533458225;1;0;0;1
1234561304;20;29865083;3;33885058;27826641;3164060;0;395864047;1;1;1;0
1234561097;27;22837638;1;20009093;0;0;0;414438250;1;0;0;0
1234561205;25;37562418;4;38614442;28758199;2940769;17689475;4193708633;1;1;1;1
1234561309;40;13615944;3;22992253;15716352;0;12899042;1299722310;1;1;0;1
1234561912;38;27111223;2;27029845;23233311;0;0;4935810386;1;1;0;0
1234561451;49;25156588;2;29814244;0;2341430;0;850692542;1;0;1;0
1234561259;52;30127185;3;27859163;0;2407334;11817851;874968379;1;0;1;1
1234561147;39;37654576;3;38517136;0;3052981;17571875;3950602628;1;0;1;1
1234561258;53;21147738;2;47810660;0;0;13785146;2021730562;1;0;0;1
1234561560;44;45597049;4;25985216;22845839;3299204;18888813;431820992;1;1;1;1
1234561161;23;24447155;2;11840776;0;0;13708215;3612988058;1;0;0;1
1234561085;38;14781080;1;40070504;0;0;0;5492803074;1;0;0;0
1234561452;49;33488014;2;38870021;0;0;16069644;4130773820;1;0;0;1
1234561136;33;29754983;3;9658870;6927430;3205335;0;5318744537;1;1;1;0
1234561190;33;30112236;2;22190016;25453533;0;0;2016263033;1;1;0;0
1234561896;20;21465076;2;32905682;0;3270648;0;4831457511;1;0;1;0
1234561083;21;47694989;3;32649642;10402812;4468573;0;5674717157;1;1;1;0
1234561358;27;36868640;1;49236451;0;0;0;3205819852;1;0;0;0
1234561858;39;47660056;4;19646049;25338668;2228716;11805959;5586450662;1;1;1;1
1234561695;25;20534956;1;39942880;0;0;0;877834026;1;0;0;0
1234561619;28;43837212;3;29905501;4892913;0;16964563;3750583889;1;1;0;1
1234561281;28;15159680;3;34807436;24073581;0;16532005;2298469843;1;1;0;1
1234561874;31;37841365;3;32668024;0;2030614;17609776;4505553494;1;0;1;1
1234561416;46;44338953;3;18133538;0;3405208;11151059;5475507484;1;0;1;1
1234561402;27;38201193;2;46024604;28183802;0;0;2138304798;1;1;0;0
1234561362;42;33085522;4;47134380;28384044;1957313;12809125;1087549480;1;1;1;1
1234561088;49;27097596;1;41374843;0;0;0;5791976626;1;0;0;0
1234561994;21;23285462;2;9598935;0;1975295;0;2650446592;1;0;1;0
1234561621;32;20664532;3;3817084;0;4848859;16370285;1152737227;1;0;1;1
1234561181;20;19737742;2;13862563;0;0;18679953;1635185577;1;0;0;1
1234561479;53;11491925;1;38388321;0;0;0;1161205885;1;0;0;0
1234561688;35;10299186;3;6867799;15754233;0;17820056;3646455037;1;1;0;1
1234561536;47;30468159;1;6335517;0;0;0;4747435665;1;0;0;0
1234561744;52;39470288;2;17387789;25145513;0;0;323390188;1;1;0;0
1234561361;49;41719849;3;10388588;5381499;678623;0;3752611194;1;1;1;0
1234561902;22;35630281;2;6994994;0;4755085;0;3246972772;1;0;1;0
1234561900;36;17825020;3;1629899;12171996;1009671;0;5287073933;1;1;1;0
1234561143;50;20577178;2;39476490;0;1123316;0;2174582477;1;0;1;0
1234561316;21;15273010;3;41498531;26345070;0;12949600;2441933190;1;1;0;1
1234561541;40;24915700;1;10844562;0;0;0;4724162297;1;0;0;0
1234561220;33;28169251;3;18786269;2376517;0;15420253;1930027080;1;1;0;1
1234561201;49;13889706;2;44986152;29955025;0;0;4524748089;1;1;0;0
1234561264;55;20107000;2;5390889;18424026;0;0;4010858384;1;1;0;0
1234561680;39;33476308;2;49900523;0;977328;0;2719645694;1;0;1;0
1234561379;47;20070875;2;47082966;0;0;16280309;777257241;1;0;0;1
1234561210;36;14722743;3;7660369;0;1618787;11149041;826469480;1;0;1;1
1234561606;24;10037996;2;33681792;0;0;14554227;677561845;1;0;0;1
1234561880;37;31653018;2;9953542;0;0;11792143;3268017115;1;0;0;1
1234561529;48;33921221;1;44004874;0;0;0;5011323468;1;0;0;0
1234561076;20;46251076;3;26386295;0;4805671;12707629;2702521737;1;0;1;1
1234561841;50;22622948;3;47456044;21162847;0;17513630;5401449161;1;1;0;1
1234561846;45;23094647;3;8414337;1659694;4773587;0;5573026777;1;1;1;0
1234561480;46;27015071;2;25659205;0;0;16583513;491064177;1;0;0;1
1234561513;45;30122675;2;9283455;29430751;0;0;2023140146;1;1;0;0
1234561868;49;45566129;1;29516294;0;0;0;3273320154;1;0;0;0
1234561558;26;21675953;3;6610348;0;3446172;14014629;4259863361;1;0;1;1
1234561478;28;15225339;1;45405134;0;0;0;4491811797;1;0;0;0
1234561399;27;24541755;3;11195992;0;3681537;10431926;5953735748;1;0;1;1
1234561305;38;47694982;2;8664365;1016199;0;0;1397965233;1;1;0;0
1234561282;33;25285838;2;20088930;7098065;0;0;959517343;1;1;0;0
1234561539;22;29655127;2;33150724;0;1730727;0;1811655686;1;0;1;0
1234561086;55;11901830;4;34616369;6273729;1934072;14869654;319474001;1;1;1;1
1234561419;55;41002540;2;20254012;0;0;10192020;991375342;1;0;0;1
1234561348;21;34631879;3;21929130;7753186;2439283;0;2710499585;1;1;1;0
1234561312;35;41817520;3;3506681;20209920;0;12488636;2058275173;1;1;0;1
1234561718;45;40642855;3;29693936;0;2367610;18171559;4296659011;1;0;1;1
1234561169;26;32322716;3;28887400;0;2871438;19809378;563972905;1;0;1;1
1234561777;26;16522615;3;5166152;7823673;844819;0;5466005456;1;1;1;0
1234561208;37;24268763;3;22083098;0;2930428;14694371;1123316339;1;0;1;1
1234561741;43;37925339;3;25584226;15105289;0;13411757;5395235426;1;1;0;1
1234561225;41;47433866;2;38055152;0;0;11053638;4082947780;1;0;0;1
1234561467;37;28556813;3;45080431;0;1667012;16205267;2243678182;1;0;1;1
1234561608;41;24256580;3;21988522;9742769;0;17386422;3155023876;1;1;0;1
1234561518;52;20037250;3;22189258;7372391;2214641;0;2676851080;1;1;1;0
1234561992;40;29710850;4;13062556;3617818;4803415;14699636;443391869;1;1;1;1
1234561727;42;13193388;2;13396269;29790963;0;0;2901564781;1;1;0;0
1234561655;24;18777647;3;37853762;14786175;3821250;0;1293674313;1;1;1;0
1234561470;28;46374458;3;30238181;0;1378590;18961459;4499291801;1;0;1;1
1234561926;27;35154264;4;47301380;13581488;1616560;16309572;1846675689;1;1;1;1
1234561339;22;47293510;1;20081010;0;0;0;5768017680;1;0;0;0
1234561484;42;36520601;2;42843324;0;1616630;0;3779793632;1;0;1;0
1234561846;21;27906025;3;25486812;17663318;3865732;0;2758098453;1;1;1;0
1234561670;39;28109359;3;11676510;28595020;0;19878678;3445391384;1;1;0;1
1234561744;24;19968175;3;29347073;0;2069856;17903418;4954811466;1;0;1;1
1234561427;46;34322991;2;6647756;0;0;14329855;5476575403;1;0;0;1
1234561650;25;28391736;2;32423731;20257920;0;0;1983679276;1;1;0;0
1234561218;31;42885146;2;47257784;0;0;11330510;3382661016;1;0;0;1
1234561233;22;42499509;3;31221612;3939678;0;12047804;1995208564;1;1;0;1
1234561735;38;32625961;3;46136753;6662100;1362155;0;1083124008;1;1;1;0
1234561476;46;38465710;2;12403928;8343649;0;0;1806231408;1;1;0;0
1234561169;45;48264179;3;44682058;24410106;4592559;0;3466754561;1;1;1;0
1234561087;35;25676123;3;32817515;14279048;2833004;0;801504236;1;1;1;0
1234561634;53;32302550;3;28415476;2855128;3214208;0;5383393864;1;1;1;0
1234561669;31;13963447;4;24217580;6829847;2570927;18277946;2177004395;1;1;1;1
1234561612;43;45595014;3;15723671;21023493;1412848;0;1562116364;1;1;1;0
1234561429;44;15373796;2;20896545;16943297;0;0;1095842986;1;1;0;0
1234561046;22;22922103;1;15028439;0;0;0;2275371420;1;0;0;0
1234561721;41;44931423;3;46972569;0;2337233;16478635;706968116;1;0;1;1
1234561592;32;34443510;2;38516803;0;0;10777545;5157895996;1;0;0;1
1234561856;36;34938330;3;1668958;0;520849;15851368;5165204083;1;0;1;1
1234561671;35;17539445;2;34249641;0;2324776;0;4006625727;1;0;1;0
1234561154;45;34814401;3;14706503;6293765;0;12454111;1602414321;1;1;0;1
1234561588;36;35725713;3;40299848;15361492;2954528;0;3070556154;1;1;1;0
1234561155;31;49399546;4;29778563;22249403;1520140;11963011;4559274185;1;1;1;1
1234561827;33;10950479;1;40542825;0;0;0;4000366400;1;0;0;0
1234561770;53;14273319;2;23760833;0;0;15585819;5244483502;1;0;0;1
1234561934;52;31912392;2;31583214;0;1223049;0;5183350729;1;0;1;0
1234561071;51;10587194;2;47396695;0;3014596;0;1866148577;1;0;1;0
1234561235;30;48345192;3;1284351;0;1483682;17539051;5066590011;1;0;1;1
1234561087;31;34351223;2;39934164;0;1790022;0;303470892;1;0;1;0
1234561199;38;47722157;4;41874578;20591907;1894736;16289491;3606448228;1;1;1;1
1234561689;22;11549395;4;13700212;27591672;743589;10987771;697099294;1;1;1;1
1234561641;33;36348066;4;38779442;27340049;1623493;10003516;5109568266;1;1;1;1
1234561922;44;17987733;2;37350719;0;0;15975266;1714141603;1;0;0;1
1234561420;55;42028322;2;5118793;0;4058071;0;520578300;1;0;1;0
1234561470;42;16549607;3;1406003;27073902;0;19279591;944290062;1;1;0;1
1234561081;41;15133645;2;1067760;0;0;13609941;1935040291;1;0;0;1
1234561661;46;47971373;3;21762448;17170328;3963950;0;5352699951;1;1;1;0
1234561511;25;39067199;1;22048969;0;0;0;4849930235;1;0;0;0
1234561567;55;43683102;1;31842277;0;0;0;4026486139;1;0;0;0
1234561829;31;48874375;2;39735063;0;0;18411015;5817497626;1;0;0;1
1234561181;51;34517280;3;11566634;0;2527913;19841335;2940155139;1;0;1;1
1234561721;48;26551758;3;38688896;29717600;0;16839621;976819663;1;1;0;1
1234561379;52;39424024;3;30265433;0;1531817;15263690;923849896;1;0;1;1
1234561186;31;43482442;3;8586330;0;2626072;19813533;2270108717;1;0;1;1
1234561992;51;21797919;2;23571965;0;3890090;0;5215801031;1;0;1;0
1234561843;25;44902216;3;20405210;17145879;0;15659097;3848130423;1;1;0;1
1234561051;23;15112787;1;10204413;0;0;0;2434010037;1;0;0;0
1234561256;36;25332360;3;824204;18533900;4468250;0;4401495757;1;1;1;0
1234561598;23;10407036;3;28243288;14526624;0;12529087;850726537;1;1;0;1
1234561045;52;17610732;3;29250140;3816775;0;13855827;2274431162;1;1;0;1
1234561633;36;27150444;1;41271823;0;0;0;748233184;1;0;0;0
1234561796;35;43002992;2;15500220;0;4172236;0;1176515776;1;0;1;0
1234561116;52;23286347;1;22962584;0;0;0;5292520469;1;0;0;0
1234561248;30;49961160;3;5659302;0;835294;11538500;2694024499;1;0;1;1
1234561937;48;34771025;3;1230485;24049483;0;16968340;1191661747;1;1;0;1
1234561853;51;18252376;3;26382978;0;1676405;11877790;3893642719;1;0;1;1
1234561573;23;33320539;3;28920749;0;4889002;12845641;3270012358;1;0;1;1
1234561454;30;41008417;2;523812;0;0;17331094;2547694880;1;0;0;1
1234561915;34;32986910;1;7988881;0;0;0;4216750587;1;0;0;0
1234561107;37;38425379;3;14328938;3086280;0;10266268;2420548993;1;1;0;1
1234561897;53;20333488;3;8448250;4979243;932972;0;1028237103;1;1;1;0
1234561178;38;10421892;3;22738018;0;2094842;12418641;1273962247;1;0;1;1
1234561166;34;18520887;3;47629737;4484355;4134317;0;5740466928;1;1;1;0
1234561625;33;48298080;2;36963787;0;0;15005267;2396630983;1;0;0;1
1234561314;51;28811960;1;22722597;0;0;0;3797919941;1;0;0;0
1234561322;47;35092364;3;37885118;0;698562;11479644;1302241631;1;0;1;1
1234561047;39;44441444;4;13196157;19882432;1572993;13293662;395274195;1;1;1;1
1234561626;29;12890868;3;32890170;12177249;0;15093225;2897266798;1;1;0;1
1234561989;43;11610059;3;35286392;15252546;0;12428923;5298104950;1;1;0;1
1234561161;50;22953611;4;48284037;13914349;1983853;17847494;4906341064;1;1;1;1
1234561817;31;16777079;4;2549436;10933307;2975960;12634874;5595176530;1;1;1;1
1234561112;35;28045687;3;48944732;21257010;1590844;0;845953367;1;1;1;0
1234561238;38;41222334;2;44500866;0;1916650;0;4785925376;1;0;1;0
1234561730;42;17175264;3;7697008;7144902;876515;0;1437204345;1;1;1;0
1234561438;33;31148876;3;37130145;0;4468952;18720022;837533266;1;0;1;1
1234561294;39;45067316;1;7836501;0;0;0;2742455920;1;0;0;0
1234561803;52;37120103;3;42641828;0;2344342;12294470;5089596431;1;0;1;1
1234561402;54;13823638;3;34451408;12875433;0;11176376;4760148232;1;1;0;1
1234561955;39;42560952;3;27731928;0;4819006;14969317;5466998762;1;0;1;1
1234561648;55;48262319;3;19298689;0;4323849;14491442;4137455745;1;0;1;1
1234561239;27;44182387;3;4171025;0;1614150;10177436;1313548402;1;0;1;1
1234561149;21;44410036;3;45533608;0;4898856;17777265;2389364371;1;0;1;1
1234561586;20;48134062;4;13020280;16113030;3192136;14612894;5238430676;1;1;1;1
1234561721;25;16954343;2;3982445;0;0;17554184;4086623152;1;0;0;1
1234561530;49;25338590;3;10931463;21028863;4521533;0;2491395964;1;1;1;0
1234561416;41;34960669;3;40306591;7091016;2523988;0;4333138640;1;1;1;0
1234561753;27;21654572;3;22787588;12290337;3252711;0;3955745114;1;1;1;0
1234561508;22;45986163;3;9131056;16241690;0;19814345;627466296;1;1;0;1
1234561873;41;10215473;2;49650120;0;0;19931527;2120901231;1;0;0;1
1234561302;54;44755862;3;3031729;21556799;2484552;0;936534229;1;1;1;0
1234561269;51;39733802;2;3934633;28558914;0;0;4214932767;1;1;0;0
1234561112;55;14765300;2;36836210;25427165;0;0;4084932989;1;1;0;0
1234561382;24;17897665;2;49725277;0;3226573;0;2544280934;1;0;1;0
1234561995;22;20307583;2;38536664;27833637;0;0;1017684400;1;1;0;0
1234561341;47;46583999;3;36236590;21613533;0;15884114;1179911108;1;1;0;1
1234561974;37;23547914;2;24970254;0;2392245;0;3458381170;1;0;1;0
1234561260;43;31460151;4;26823161;22133636;713900;10092321;4827904112;1;1;1;1
1234561392;41;24388969;3;5483737;26183060;0;13664276;3061626240;1;1;0;1
1234561657;49;29885165;2;24778555;0;2786820;0;1830138438;1;0;1;0
1234561751;27;24479821;3;12692832;1729288;4808203;0;5088313252;1;1;1;0
1234561548;38;12676312;2;17884662;26644625;0;0;564333477;1;1;0;0
1234561711;24;24610034;1;16638279;0;0;0;1315072446;1;0;0;0
1234561681;32;35022821;1;39499787;0;0;0;398211250;1;0;0;0
1234561255;24;27061288;2;45732679;0;0;11731436;1084543963;1;0;0;1
1234561594;33;20989346;3;18453011;2933691;2080097;0;4427621859;1;1;1;0
1234561609;49;38426339;2;26147656;11980385;0;0;5228227299;1;1;0;0
1234561267;43;44129074;4;5757394;17354386;2548852;10268880;1478612196;1;1;1;1
1234561868;25;24661598;4;42610440;29347061;3436679;13944554;1214463992;1;1;1;1
1234561145;27;35477852;3;34968645;0;2313569;12409521;2582526967;1;0;1;1
1234561698;45;42772240;3;49555296;0;675135;16020071;3013170242;1;0;1;1
1234561270;49;44370427;3;47890049;1174497;0;12062098;3583613248;1;1;0;1
1234561817;24;23659424;3;8358196;21140784;0;13578456;5908374697;1;1;0;1
1234561581;30;31377827;3;5641027;12497868;4326062;0;4057887918;1;1;1;0
1234561351;52;40853848;1;27565516;0;0;0;3965021180;1;0;0;0
1234561121;53;25184505;3;32145188;23804544;0;10996929;481094608;1;1;0;1
1234561048;33;10261572;3;31193761;5108285;0;12095058;5557198586;1;1;0;1
1234561861;32;34627720;2;30579917;0;0;16403861;1424801067;1;0;0;1
1234561420;45;16637511;4;35787848;19958728;3771884;12260213;2881195800;1;1;1;1
1234561863;26;34150599;2;7013337;26792770;0;0;1850422666;1;1;0;0
1234561765;33;10514642;4;27072114;16514207;1088773;10669111;3059413546;1;1;1;1
1234561635;42;35710119;3;39767078;9236590;0;15790645;3839352385;1;1;0;1
1234561780;54;40380424;1;39355915;0;0;0;1041093305;1;0;0;0
1234561524;22;37803837;4;49749916;19032192;4940561;17825433;3664301333;1;1;1;1
1234561366;32;28931167;4;40514543;24812817;1864897;14635230;3130668937;1;1;1;1
1234561878;27;44423174;1;16847521;0;0;0;642652622;1;0;0;0
1234561879;20;42791718;3;28889073;20220054;1320594;0;4295360941;1;1;1;0
1234561842;35;47181948;3;12678354;0;882733;10192142;3446148115;1;0;1;1
1234561362;44;14936679;2;35744982;14883476;0;0;4278673458;1;1;0;0
1234561780;48;47625895;3;10789993;0;2214802;19237489;561982492;1;0;1;1
1234561448;47;20340507;2;47655692;28909632;0;0;5307484008;1;1;0;0
1234561051;49;38203091;2;36679519;0;4864193;0;2283432360;1;0;1;0
1234561381;22;30588346;2;27802114;0;0;10186190;5072709931;1;0;0;1
1234561547;55;41230420;3;26157151;9792349;0;12410551;2094957459;1;1;0;1
1234561454;39;19926236;2;41137388;0;1679275;0;1925342010;1;0;1;0
1234561492;40;46892033;2;25946064;0;0;16944163;3417446149;1;0;0;1
1234561042;34;26733030;2;33085043;0;2448189;0;787530012;1;0;1;0
1234561273;55;14295459;3;34354942;2554479;0;12640984;1474429254;1;1;0;1
1234561082;40;37954938;4;22511823;22361451;2852732;17666445;963096055;1;1;1;1
1234561946;41;25656907;3;48963624;0;1348748;19106410;1112211642;1;0;1;1
1234561823;22;49785021;3;23089233;5042120;0;19722631;2730160448;1;1;0;1
1234561711;39;17221222;3;41313011;24178914;0;19180387;1951199797;1;1;0;1
1234561220;22;12652936;2;37236465;26125526;0;0;898205565;1;1;0;0
1234561816;28;29945967;2;44058887;21508739;0;0;2362560594;1;1;0;0
1234561271;26;10313162;1;26946430;0;0;0;5029860075;1;0;0;0
1234561352;42;27503004;2;31488196;0;3500475;0;4342595738;1;0;1;0
1234561049;36;24779259;2;20740567;28571260;0;0;5517652001;1;1;0;0
1234561730;47;48473502;2;6016525;24767495;0;0;2651857306;1;1;0;0
1234561968;53;17514695;1;20436839;0;0;0;3954260236;1;0;0;0
1234561030;51;12423014;2;23335332;0;0;10755005;3269066388;1;0;0;1
1234561521;40;28897716;3;27285733;17865206;0;14513986;3000514948;1;1;0;1
1234561228;20;22239719;2;36506156;0;4584846;0;1683669396;1;0;1;0
1234561010;21;18307693;3;46754534;28702493;2850888;0;453479452;1;1;1;0
1234561136;34;31702383;3;42620672;14540511;2059560;0;4163880005;1;1;1;0
1234561243;34;35806907;2;21177720;7130372;0;0;1137542263;1;1;0;0
1234561130;31;26535230;3;28482544;18790394;0;13630942;3426931487;1;1;0;1
1234561397;54;23617097;3;8054089;0;3902850;17766151;308480166;1;0;1;1
1234561303;21;27823111;2;24982040;15465806;0;0;1332679275;1;1;0;0
1234561445;36;13990272;4;21096542;23787694;3857948;19173294;1154475697;1;1;1;1
1234561925;31;48754372;3;37610019;0;1702940;12744953;2904894613;1;0;1;1
1234561245;52;25454446;2;3130880;0;2714572;0;2852919648;1;0;1;0
1234561550;26;30306841;3;20322134;19132418;0;11968560;5057728929;1;1;0;1
1234561312;34;10389544;1;37416875;0;0;0;2444982348;1;0;0;0
1234561323;49;33242493;2;3395083;0;4179340;0;1177013260;1;0;1;0
1234561300;27;34656144;2;14112421;0;0;19536932;5784045791;1;0;0;1
1234561443;40;41219419;2;39582958;22278069;0;0;3124460989;1;1;0;0
1234561571;52;30294437;4;16938175;21830444;2428240;15150377;5119645246;1;1;1;1
1234561795;34;16282380;3;45023857;1483505;0;19527158;3600346513;1;1;0;1
1234561006;45;34802748;2;28460220;0;0;11371144;5692560214;1;0;0;1
1234561243;54;14328355;3;15145649;0;2092287;18905804;1968197364;1;0;1;1
1234561517;30;36015603;2;9195655;0;2690451;0;957621604;1;0;1;0
1234561021;23;39193782;3;21537521;0;3599900;19712370;1194800463;1;0;1;1
1234561658;40;44357278;2;41722993;0;0;14990156;915554266;1;0;0;1
1234561706;27;20597348;2;2589477;6587222;0;0;5832911550;1;1;0;0
1234561695;35;15558900;3;38128960;0;4355789;14261401;4972300181;1;0;1;1
1234561113;26;43214876;3;22837056;10241982;0;16291838;2516593407;1;1;0;1
1234561299;20;12484315;2;9716760;16930056;0;0;5184115386;1;1;0;0
1234561913;28;40773513;1;694195;0;0;0;3613345069;1;0;0;0
1234561037;25;22814524;2;29665327;0;3844703;0;2549569437;1;0;1;0
1234561292;37;39140844;4;7718763;26138950;749898;13090669;5906884137;1;1;1;1
1234561320;36;20547927;1;46233332;0;0;0;474916805;1;0;0;0
1234561969;50;28281837;3;19178272;14276711;4510468;0;5031235209;1;1;1;0
1234561564;28;32466948;2;10036089;0;688768;0;4556703732;1;0;1;0
1234561721;31;40864994;4;22821531;22901868;3447293;14932050;2272941795;1;1;1;1
1234561051;49;18347150;2;11057800;0;2820704;0;876325899;1;0;1;0
1234561378;40;24144639;3;29859844;13426641;0;13214488;2888997261;1;1;0;1
1234561620;22;19173660;4;22673474;7356110;4913737;12069118;4170884693;1;1;1;1
1234561742;33;20246244;1;13429227;0;0;0;1760185219;1;0;0;0
1234561777;52;12080707;2;39348637;0;0;17113427;4320061022;1;0;0;1
1234561215;22;39974534;2;44218953;20797271;0;0;2703819770;1;1;0;0
1234561977;26;39620587;1;44624187;0;0;0;1129757788;1;0;0;0
1234561521;40;23705959;2;18444817;0;3027906;0;2724991337;1;0;1;0
1234561895;45;21632598;2;11933660;0;1871388;0;3170298762;1;0;1;0
1234561030;43;17433454;2;34300422;0;1145372;0;4112127816;1;0;1;0
1234561639;54;38825409;2;7115479;26137136;0;0;5964387031;1;1;0;0
1234561325;45;49748692;3;19957872;13275291;2155328;0;3095063099;1;1;1;0
1234561741;40;27103763;3;8428054;10604566;0;12923713;518626071;1;1;0;1
1234561081;52;16675678;3;48778802;22705442;3022546;0;5582410965;1;1;1;0
1234561326;32;44660320;2;12325559;0;0;12692216;1705235327;1;0;0;1
1234561047;21;25102476;2;27977971;0;2284981;0;4490356355;1;0;1;0
1234561946;31;39844550;3;12632528;0;2638824;13425200;2615690441;1;0;1;1
1234561278;50;44912750;3;47420521;18271777;3200321;0;3498050494;1;1;1;0
1234561191;38;24206652;2;609298;0;0;15651262;2537402309;1;0;0;1
1234561668;25;33907935;3;20356200;27313906;0;15177932;5235422351;1;1;0;1
1234562000;44;44429564;1;25003260;0;0;0;3247412599;1;0;0;0
1234561910;25;26268688;2;13531246;0;3097852;0;579633256;1;0;1;0
1234561502;54;37642454;2;33831063;0;1506386;0;5410635168;1;0;1;0
1234561479;29;34808416;3;23031758;5762082;4213636;0;5077425787;1;1;1;0
1234561103;36;11296574;3;48987119;13949720;0;19487360;5094233000;1;1;0;1
1234561680;30;12964816;4;11783243;29312805;4244415;17752609;4148627571;1;1;1;1
1234561595;20;36078582;2;3605861;0;0;17679424;3730167682;1;0;0;1
1234561082;26;31493216;2;42562355;0;602391;0;5621251721;1;0;1;0
1234561943;41;19755580;3;35959637;8853033;0;19202827;1394856789;1;1;0;1
1234561092;45;49973903;2;10967450;8512167;0;0;5396052107;1;1;0;0
1234561472;44;39972248;1;40582538;0;0;0;3594453603;1;0;0;0
1234561158;22;48762050;4;43268598;15804373;1580789;13101353;2091467433;1;1;1;1
1234561372;45;31610096;3;25230701;26607806;2196455;0;2150664892;1;1;1;0
1234561273;32;44555892;3;38735999;12828894;2936013;0;5324439822;1;1;1;0
1234561290;50;26161918;2;6995460;0;798873;0;4803693476;1;0;1;0
1234561998;38;20291899;3;5735018;16902777;0;13893536;2092825048;1;1;0;1
1234561324;26;12892149;3;4344872;3868319;4034609;0;3399543039;1;1;1;0
1234561788;30;45859266;3;20614471;24784118;0;13916640;2786800017;1;1;0;1
1234561288;51;32755973;3;17689878;14420587;4900647;0;2629626510;1;1;1;0
1234561680;25;36037191;3;15350438;4417074;0;19948330;4552962889;1;1;0;1
1234561806;35;41467506;1;10397365;0;0;0;5674125222;1;0;0;0
1234561080;55;17384757;4;42475269;10810322;4660811;10577140;4257970451;1;1;1;1
1234561353;50;38805972;3;32061573;23711556;3385667;0;2656442220;1;1;1;0
1234561963;26;46312393;2;16248381;20843963;0;0;2773596527;1;1;0;0
1234561037;34;42700414;3;4834168;13326962;3017272;0;1831059407;1;1;1;0
1234561816;49;26107474;2;6727823;13033065;0;0;3216392329;1;1;0;0
1234561652;49;17911525;1;39092514;0;0;0;2375952354;1;0;0;0
1234561619;45;18745645;3;34074345;15728986;0;14057368;4315627516;1;1;0;1
1234561620;32;42242585;2;22584267;0;0;14945391;2112845615;1;0;0;1
1234561474;27;28247262;2;47212949;0;2353339;0;2849959227;1;0;1;0
1234561593;36;22936009;3;39709267;0;3882381;16736504;4986029965;1;0;1;1
1234561179;41;24559836;3;14700255;0;3407696;17949998;3988111302;1;0;1;1
1234561707;45;14191094;2;21187768;0;0;14737808;4085132175;1;0;0;1
1234561600;31;49182352;3;22210416;26244254;1424243;0;4151682489;1;1;1;0
1234561563;32;18378123;3;43448979;16538191;4277836;0;3994047172;1;1;1;0
1234561877;53;36568097;3;32016276;2819743;4060996;0;624885837;1;1;1;0
1234561863;24;36823694;3;45623692;4301175;0;11537695;4918526413;1;1;0;1
1234561352;40;28344925;2;10932174;5526356;0;0;5933599824;1;1;0;0
1234561378;46;37298250;2;22990985;0;3984499;0;2622298418;1;0;1;0
1234561663;24;19466184;2;25384843;0;2520966;0;3811472759;1;0;1;0
1234561074;41;41739348;2;18897719;0;0;19128129;2836813738;1;0;0;1
1234561364;53;39020539;2;14159623;1691539;0;0;2742714104;1;1;0;0
1234561283;23;44601729;2;19905961;0;0;15236493;5710591828;1;0;0;1
1234561018;54;32146236;1;1197176;0;0;0;1541185335;1;0;0;0
1234561173;22;29427001;4;42282882;18523393;3618356;17459879;4002543392;1;1;1;1
1234561118;38;21662321;3;37990308;0;1300772;18259913;4764690752;1;0;1;1
1234561301;42;10459153;3;16054938;0;1867567;17872048;3194025092;1;0;1;1
1234561734;40;47109510;3;41532230;1185690;0;10551566;1292295747;1;1;0;1
1234561950;43;31419527;2;26780348;0;4599868;0;5118306623;1;0;1;0
1234561278;42;15646292;3;17408120;18868272;2455589;0;1224788238;1;1;1;0
1234561591;38;39833925;2;40553606;0;0;13752223;2416586407;1;0;0;1
1234561834;33;13033670;2;31787486;19897407;0;0;5514996221;1;1;0;0
1234561862;42;19973514;4;49496842;12835830;4696639;10077843;4643353603;1;1;1;1
1234561395;48;47036587;1;40777669;0;0;0;4828878876;1;0;0;0
1234561979;29;21319699;2;43876752;22728284;0;0;5074261904;1;1;0;0
1234561484;26;30362597;2;28800574;0;953845;0;1498662533;1;0;1;0
1234561084;42;47756171;4;35203937;3147039;4788358;12392333;5942491670;1;1;1;1
1234561261;27;41139975;2;3017744;0;3744941;0;2926907696;1;0;1;0
1234561634;29;22014003;2;9000607;1224257;0;0;926052950;1;1;0;0
1234561091;35;22608408;2;3910408;0;0;10994477;1144244555;1;0;0;1
1234561540;53;39593889;3;8465006;17555918;0;18407610;2950194809;1;1;0;1
1234561577;27;23897666;2;44123381;0;4115424;0;2580076847;1;0;1;0
1234561649;36;45123927;1;20812591;0;0;0;3906226543;1;0;0;0
1234561277;42;47122711;2;44147190;0;4714628;0;5931257791;1;0;1;0
1234561619;42;33792591;2;18674997;7107390;0;0;1950147845;1;1;0;0
1234561729;50;15148692;2;11455760;0;0;16255798;1266835647;1;0;0;1
1234561620;23;44150648;2;30857117;0;1786493;0;4209952661;1;0;1;0
1234561417;34;16453713;1;8709344;0;0;0;3027477376;1;0;0;0
1234561130;36;45990406;3;31065118;16666418;4458621;0;2797749588;1;1;1;0
1234561284;52;39317279;2;47787165;21937091;0;0;2546755550;1;1;0;0
1234561039;37;29129963;3;10793004;24883008;1411962;0;1230934655;1;1;1;0
1234561146;30;39710568;3;47271974;1913691;0;14323351;385273925;1;1;0;1
1234561308;53;35166872;4;11925010;22323573;1155185;13454094;3305493647;1;1;1;1
1234561889;24;19188801;3;21676720;28989930;0;17695198;5131112113;1;1;0;1
1234561449;29;25874477;3;608945;3752010;4533966;0;5865652966;1;1;1;0
1234561094;45;45812075;2;43934674;5095932;0;0;1176014580;1;1;0;0
1234561023;24;17408373;2;46526352;5312109;0;0;2559945197;1;1;0;0
1234561915;24;15692127;1;21635811;0;0;0;1990192310;1;0;0;0
1234561920;29;32428777;3;12596132;23179537;0;13863650;1953842721;1;1;0;1
1234561037;49;21696311;3;5304808;24392781;0;19519879;2184654859;1;1;0;1
1234561430;31;25353389;2;42668225;0;0;12333831;3198603652;1;0;0;1
1234561466;28;24374143;1;27956524;0;0;0;698194584;1;0;0;0
1234561907;52;31556490;3;19013026;0;4920429;13586567;2913247950;1;0;1;1
1234561296;46;28276859;2;19972476;0;2793857;0;5974991287;1;0;1;0
1234561277;32;24227871;2;783981;0;0;18657920;5573702481;1;0;0;1
1234561156;40;11966476;1;16041234;0;0;0;4639670629;1;0;0;0
1234561700;32;20150342;1;32980178;0;0;0;4628680874;1;0;0;0
1234561948;39;40791433;2;37940331;0;0;19969481;2555167108;1;0;0;1
1234561743;41;44979121;2;3584488;0;0;15689547;1092020860;1;0;0;1
1234561341;53;18055717;4;19327113;1996167;2116526;11531934;2602604748;1;1;1;1
1234561553;54;12373903;4;4620806;4648091;3337125;16766351;2538018379;1;1;1;1
1234561005;36;30826631;3;26169096;0;4137510;17857964;3625938583;1;0;1;1
1234561201;52;23835689;2;1443045;17604787;0;0;2912218454;1;1;0;0
1234561046;53;27490786;3;35536456;23898830;0;13662613;5163784023;1;1;0;1
1234561238;54;34234427;2;17935289;0;0;14278066;3828639516;1;0;0;1
1234561814;30;23827701;2;5843468;0;666806;0;4943773546;1;0;1;0
1234561924;47;14544917;1;46057983;0;0;0;5066632228;1;0;0;0
1234561324;29;22026561;2;8710457;0;1576875;0;2642992452;1;0;1;0
1234561693;51;25134597;3;13163458;1379538;0;11005965;1177492109;1;1;0;1
1234561224;33;23923772;2;48941835;0;2911093;0;5491141517;1;0;1;0
1234561467;24;28172359;1;10970804;0;0;0;1742611100;1;0;0;0
1234561297;40;21920513;3;18183100;0;1595186;10827150;496490167;1;0;1;1
1234561115;45;43011124;2;535351;0;0;12390219;2668495707;1;0;0;1
1234561094;45;12770595;3;21841973;14223092;632926;0;5273694834;1;1;1;0
1234561414;44;47131806;4;24329150;16852937;3191809;14999343;382277954;1;1;1;1
1234561915;49;36342721;2;31791486;26787212;0;0;5514744203;1;1;0;0
1234561478;21;11315332;3;11734889;3576799;2125445;0;1534987956;1;1;1;0
1234561031;53;40971170;4;43333950;23166571;1674401;12648034;5524214744;1;1;1;1
1234561805;54;23475959;2;30025109;23728218;0;0;4510452880;1;1;0;0
1234561064;54;49313850;3;10870000;16812905;1686223;0;1584302379;1;1;1;0
1234561540;50;17913093;4;13650109;16134748;2789431;14422457;1380366068;1;1;1;1
1234561981;51;32178391;1;36871169;0;0;0;2916933678;1;0;0;0
1234561616;39;38617972;2;48249165;0;1325811;0;2567781056;1;0;1;0
1234561632;23;18204658;1;22125132;0;0;0;303019054;1;0;0;0
1234561227;40;26829773;2;1540369;0;0;16674633;2712129676;1;0;0;1
1234561194;28;49322976;2;41575852;0;1922030;0;440221535;1;0;1;0
1234561770;26;41487829;3;47110603;8064714;0;11344036;5871863152;1;1;0;1
1234561998;44;42621365;2;30034916;0;0;15731777;3901792073;1;0;0;1
1234561769;32;25427595;3;35955785;9947849;639183;0;1480932251;1;1;1;0
1234561509;21;13630458;2;37176091;2781252;0;0;2051526352;1;1;0;0
1234561114;51;13998790;3;25032315;0;3483275;11280776;3825729235;1;0;1;1
1234561086;35;20088363;1;49886768;0;0;0;3105503504;1;0;0;0
1234561024;23;34093336;3;31089047;11591781;0;11958630;683985081;1;1;0;1
1234561037;55;11887786;3;49590648;16616826;1152169;0;5273054209;1;1;1;0
1234561678;28;31023430;4;13689653;6897675;1416975;16509603;2391114205;1;1;1;1
1234561270;31;26170124;3;23620592;7459221;1947303;0;1185722349;1;1;1;0
1234561209;23;22398173;2;3103096;0;3732360;0;2705255514;1;0;1;0
1234561424;45;26952736;3;24483814;20245653;0;18550294;5106039558;1;1;0;1
1234561101;25;46591543;3;13869131;22141223;2818448;0;3645440079;1;1;1;0
1234561958;39;35836366;3;14301385;0;3169112;19500303;1406810528;1;0;1;1
1234561185;39;16900794;2;24758861;0;0;17351879;5625722936;1;0;0;1
1234561415;29;46677039;2;41075199;0;2251035;0;681266738;1;0;1;0
1234561304;39;30353686;3;42973848;15173318;0;14939455;5778877256;1;1;0;1
1234561121;43;46882000;4;45788032;25485943;635282;16183695;4204812256;1;1;1;1
1234561913;27;47654110;4;46623142;3953460;763804;10892954;2975483231;1;1;1;1
1234561523;55;27362275;4;45703119;19868946;4188414;14684445;4570682688;1;1;1;1
1234561605;51;15459694;3;21987088;0;1549291;17827031;2274245001;1;0;1;1
1234561187;48;32429025;2;34097148;0;0;14424218;617569367;1;0;0;1
1234561146;46;16574648;3;10982036;17508704;0;12553265;1850878526;1;1;0;1
1234561113;50;45544241;1;22065019;0;0;0;3877075118;1;0;0;0
1234561102;55;35060728;3;13095690;0;1794820;13932562;2334112654;1;0;1;1
1234561730;39;14402684;1;34040772;0;0;0;380101774;1;0;0;0
1234561472;42;39411493;2;3012611;0;0;18106286;2536264983;1;0;0;1
1234561165;46;38725071;3;22270960;14119829;1671304;0;2181117497;1;1;1;0
1234561125;30;43979136;2;3072248;0;0;15907067;4348893603;1;0;0;1
1234561281;40;22297971;3;3555133;9241525;0;11016884;593344456;1;1;0;1
1234561964;35;19063342;3;42773470;29560247;0;15343882;691613473;1;1;0;1
1234561402;34;18619839;4;6705003;26606146;1516813;13501116;4901644590;1;1;1;1
1234561376;45;22784145;2;15116560;0;0;19701436;2805797702;1;0;0;1
1234561605;25;47403749;2;46564051;22910482;0;0;435424384;1;1;0;0
1234561735;21;11646866;3;36423259;26904167;0;15562603;5283784892;1;1;0;1
1234561784;33;15298220;2;15024008;1775860;0;0;3495578288;1;1;0;0
1234561605;22;28063098;3;44727946;0;4234503;12636763;1368328873;1;0;1;1
1234561793;25;30053079;4;41399824;12237555;1401063;16854270;1921491536;1;1;1;1
1234561526;26;10189813;2;16182679;0;0;19164868;5203028352;1;0;0;1
1234561038;25;31775375;2;4538528;3184943;0;0;593069555;1;1;0;0
1234561860;36;45911883;3;39832673;0;1589346;13942650;5170266309;1;0;1;1
1234561795;23;24327874;2;33798041;0;0;17494388;3414875100;1;0;0;1
1234561034;33;29149966;3;19851738;0;2002930;13117308;3131328324;1;0;1;1
1234561623;24;46948687;3;24095945;0;4959014;15732583;1057326626;1;0;1;1
1234561732;23;19951885;1;40974466;0;0;0;5303439060;1;0;0;0
1234561107;44;34368876;2;11634132;12996580;0;0;2743287973;1;1;0;0
1234561869;50;42667651;3;30879760;0;4580741;11708035;3549447618;1;0;1;1
1234561124;43;25547057;3;12743478;0;569233;15083028;2780569699;1;0;1;1
1234561867;41;44166358;2;43181208;0;534345;0;5392599370;1;0;1;0
1234561178;25;41081596;2;42065376;0;4115288;0;1990445257;1;0;1;0
1234561191;29;32406587;1;24676302;0;0;0;1197034889;1;0;0;0
1234561693;54;37495166;2;8904395;24298160;0;0;3231423252;1;1;0;0
1234561191;52;32711031;4;10212674;18316046;3688365;19875520;4595300927;1;1;1;1
1234561672;42;43657326;4;14480425;14289776;2480606;18566484;3973193881;1;1;1;1
1234561970;26;16866118;3;30729771;0;4931497;11459212;3371787181;1;0;1;1
1234561654;50;41529843;2;44256069;4388032;0;0;1653010899;1;1;0;0
1234561410;21;47087261;2;38215365;21202987;0;0;5181493736;1;1;0;0
1234561075;47;27049797;4;46024779;5512544;4886253;19844542;4988792907;1;1;1;1
1234561407;39;38024370;3;33053392;13589549;3383787;0;1112887427;1;1;1;0
1234561402;35;30280082;2;16323163;0;0;17100151;3409055631;1;0;0;1
1234561283;44;42695058;1;17900392;0;0;0;5637519753;1;0;0;0
1234561969;45;10167036;2;35965476;24541042;0;0;3687546098;1;1;0;0
1234561530;52;37265755;4;47318668;19651682;3890043;19894075;1547311069;1;1;1;1
1234561246;43;13282801;2;38337543;0;567422;0;1263894685;1;0;1;0
1234561661;24;31750529;2;40472286;11152494;0;0;3673565668;1;1;0;0
1234561520;41;17487075;2;35289095;4025769;0;0;2270399320;1;1;0;0
1234561941;43;36362160;4;2532365;21699872;4655390;10777578;556855425;1;1;1;1
1234561365;43;16421435;2;32973938;2320890;0;0;513361499;1;1;0;0
1234561286;48;43302295;2;6001210;19920370;0;0;5334789586;1;1;0;0
1234561365;50;33824414;3;40476220;17983474;0;10319988;2467643765;1;1;0;1
1234561757;41;16502534;3;42411804;0;1204184;19749585;4704630652;1;0;1;1
1234561257;37;25236671;1;41137622;0;0;0;4471591129;1;0;0;0
1234561502;22;44008338;3;10871870;1874451;0;16111468;4884260309;1;1;0;1
1234561121;26;39535031;3;7872446;27789181;0;10366957;3735619623;1;1;0;1
1234561587;29;40574251;1;2393874;0;0;0;4731911920;1;0;0;0
1234561247;47;42288985;3;10563891;24371425;4909128;0;3498253808;1;1;1;0
1234561455;30;13531510;2;574686;6223381;0;0;5682259027;1;1;0;0
1234561430;49;40913199;2;32226986;0;0;11987584;3227601663;1;0;0;1
1234561569;32;32274148;3;12821277;6665192;0;10784054;5059401994;1;1;0;1
1234561330;52;30743108;1;43992746;0;0;0;1688194658;1;0;0;0
1234561249;52;28866600;2;28819100;0;0;19319899;2284360454;1;0;0;1
1234561321;38;32676186;4;6448792;16507778;2716659;19652677;5717396027;1;1;1;1
1234561251;37;33489675;3;41258264;0;2165396;15663498;3497796556;1;0;1;1
1234561360;41;18270790;2;26294751;0;3418044;0;3935964545;1;0;1;0
1234561128;50;34930088;2;31911635;5483863;0;0;2966120475;1;1;0;0
1234561932;32;40166965;3;37892090;0;637766;11807472;2099778865;1;0;1;1
1234561234;39;23374017;3;29979150;24853662;0;15450069;4266862070;1;1;0;1
1234561425;52;25621737;3;38851849;29844169;0;16657315;3693869949;1;1;0;1
1234561583;26;39936580;2;20002739;0;3249009;0;2049108056;1;0;1;0
1234561073;35;36291175;3;37363134;0;2265482;19227283;5102837894;1;0;1;1
1234561847;54;13495442;2;16974336;0;0;17484492;5425272892;1;0;0;1
1234561464;45;11403986;2;39394419;0;4932300;0;741648356;1;0;1;0
1234561455;45;22288669;4;37443648;1751625;2733148;15802945;3425109626;1;1;1;1
1234561062;43;20179762;2;17700065;0;4979749;0;5828102059;1;0;1;0
1234561688;20;11257784;3;31795496;0;606153;12920360;1756653809;1;0;1;1
1234561040;44;15460224;3;43130706;4526464;0;19296789;811208924;1;1;0;1
1234561766;37;47132619;4;45572514;1036638;2379170;13656356;808669102;1;1;1;1
1234561806;42;45595719;2;23709286;0;1186180;0;1021718526;1;0;1;0
1234561223;27;33002218;3;6214953;3268764;671416;0;3087834092;1;1;1;0
1234561130;48;10080244;2;39602988;0;0;12782475;1738374157;1;0;0;1
1234561482;45;11851064;3;26136723;27480462;0;12057605;3331100873;1;1;0;1
1234561491;38;45581035;3;38821750;28013686;4086869;0;1706083690;1;1;1;0
1234561157;50;40506560;3;737831;22024895;2358401;0;2778219176;1;1;1;0
1234561794;40;14773387;2;28944596;0;0;17137727;871393309;1;0;0;1
1234561433;26;36765838;3;1654585;14708341;1790511;0;3157551865;1;1;1;0
1234561264;50;37108067;1;25187704;0;0;0;1950970222;1;0;0;0
1234561830;37;10239238;2;9196458;0;0;18217738;4158884922;1;0;0;1
1234561511;31;40238792;2;19540929;12709015;0;0;2638373470;1;1;0;0
1234561696;24;10502819;3;15619100;0;4764310;11741802;3122252664;1;0;1;1
1234561244;35;23146251;3;2611541;29206032;0;15478213;5872637631;1;1;0;1
1234561132;52;24225663;4;45521152;26465344;2890453;15117512;2797988038;1;1;1;1
1234561427;49;26269313;2;13071131;0;0;15385814;466275753;1;0;0;1
1234561806;45;32375474;2;39468389;0;2313541;0;5537874730;1;0;1;0
1234561864;26;36281429;4;4975362;19115558;1132994;16442039;1920762906;1;1;1;1
1234561472;34;40012678;1;44879015;0;0;0;593521066;1;0;0;0
1234561650;44;28417288;2;30787009;14426521;0;0;1265859482;1;1;0;0
1234561806;30;29501978;3;47677461;0;4424191;12539800;1014545564;1;0;1;1
1234561104;39;26458931;3;17597273;0;4746411;10276412;3049058570;1;0;1;1
1234561796;42;48777470;2;46612974;9275910;0;0;4075165922;1;1;0;0
1234561918;49;25478710;2;7010863;0;0;12180064;3333863178;1;0;0;1
1234561351;48;47081454;3;38930450;13485431;787842;0;2338291915;1;1;1;0
1234561387;39;36342292;4;34190525;1545084;2513883;13207301;2175403950;1;1;1;1
1234561087;26;35671558;2;9755816;29606695;0;0;613111037;1;1;0;0
1234561372;38;45120287;1;12341422;0;0;0;1076745348;1;0;0;0
1234561989;49;28464771;3;42476761;0;2555270;14146437;4210146924;1;0;1;1
1234561386;32;18721337;2;49210704;0;1277568;0;3460801800;1;0;1;0
1234561761;21;19529953;3;3836597;0;4424210;11107484;5586369180;1;0;1;1
1234561087;38;12618041;3;45530018;24869114;0;11549499;555981365;1;1;0;1
1234561937;44;45864683;1;8333903;0;0;0;1170795375;1;0;0;0
1234561806;32;11206318;2;38530905;0;2791013;0;1132013697;1;0;1;0
1234561357;43;46152512;3;26269983;19057330;4619953;0;2832905155;1;1;1;0
1234561384;55;38872105;4;21186300;24089822;2536790;13336107;2329042311;1;1;1;1
1234561063;34;36849996;3;2159320;0;4120075;11164631;1965555780;1;0;1;1
1234561913;45;21888855;3;7596871;7779056;3262995;0;2930903411;1;1;1;0
1234561691;45;37838135;3;7757321;0;3048404;16062645;5496565100;1;0;1;1
1234561725;52;37319755;1;48430196;0;0;0;879949228;1;0;0;0
1234561654;54;30425172;3;40818249;27178310;1669967;0;4469672750;1;1;1;0
1234561158;33;19551637;4;38703776;22029032;1367688;15447697;3901421589;1;1;1;1
1234561278;52;15340311;2;43785498;0;0;17133763;3176815254;1;0;0;1
1234561463;50;42050050;4;8051036;8895434;925210;10636265;4276688985;1;1;1;1
1234561929;43;35698693;3;37070191;17778420;0;13871898;3427571858;1;1;0;1
1234561113;37;24971504;4;17368895;8097599;3204243;17525430;498963050;1;1;1;1
1234561713;52;37119343;3;33955914;0;2191137;10447061;3945276573;1;0;1;1
1234561714;26;26111026;2;48390970;0;850104;0;1775163885;1;0;1;0
1234561442;24;24574589;4;17875335;15987905;3868620;18247033;4234720849;1;1;1;1
1234561735;43;44019823;2;21593376;0;0;15892845;4372429289;1;0;0;1
1234561462;20;48166725;2;13085338;0;0;12232382;4468755378;1;0;0;1
1234561836;43;46056851;3;16918633;19782798;3382725;0;2983579560;1;1;1;0
1234561574;23;24499519;1;25894344;0;0;0;421206686;1;0;0;0
1234561015;21;24375311;3;19365049;27127482;0;16370542;675445867;1;1;0;1
1234561768;46;34491098;4;3470919;26771226;2470555;16765339;4407954316;1;1;1;1
1234561283;45;16241677;2;4814815;29073183;0;0;4229655065;1;1;0;0
1234561243;28;45625852;3;7082892;0;3739729;18346252;2096793713;1;0;1;1
1234561142;54;29939360;4;16985759;3553690;3606373;10001595;1789153223;1;1;1;1
1234561803;52;12828290;3;23284015;0;1550990;19127143;4147919090;1;0;1;1
1234561962;51;46735181;4;35124298;4281704;1454571;12113741;3430858921;1;1;1;1
1234561626;35;40123966;3;18357971;22906643;1872932;0;414282928;1;1;1;0
1234561828;51;42748181;2;40997835;0;0;12192672;2025233739;1;0;0;1
1234561192;35;27754304;2;6355513;0;0;17381412;860835168;1;0;0;1
1234561157;29;44799541;2;13405262;0;4314264;0;1906937389;1;0;1;0
1234561849;41;47272056;2;7429680;0;1771353;0;3271227937;1;0;1;0
1234561130;53;30933196;1;37566536;0;0;0;3572651247;1;0;0;0
1234561051;55;35651626;2;33410611;0;2630586;0;5865982174;1;0;1;0
1234561912;35;41396360;3;16002860;3888629;2960284;0;3199377793;1;1;1;0
1234561306;40;18505503;4;17596804;7060125;2291518;16349679;1126847125;1;1;1;1
1234561636;27;26560686;3;31552974;10740483;0;12253929;2388557557;1;1;0;1
1234561465;40;10970111;3;45488836;0;2010028;13720672;2941299183;1;0;1;1
1234561386;54;13936777;2;49862645;0;2574830;0;5649090637;1;0;1;0
1234561374;44;27485348;2;21454527;0;1227485;0;2613564461;1;0;1;0
1234561506;49;35352859;1;4553992;0;0;0;2439801052;1;0;0;0
1234561533;43;48727925;3;39496630;0;2496002;19195608;878652844;1;0;1;1
1234561217;43;47701133;2;29199032;29459925;0;0;5233163013;1;1;0;0
1234561657;36;42536941;2;29748748;0;0;12783899;2145595169;1;0;0;1
1234561782;49;47914406;2;44668015;0;0;10716835;1815556640;1;0;0;1
1234561512;50;19426715;3;45315834;25882557;0;19401813;463432841;1;1;0;1
1234561227;29;13210832;3;41539051;0;4968315;15153401;2595207299;1;0;1;1
1234561143;36;24097765;1;39258823;0;0;0;5106338192;1;0;0;0
1234561942;39;48746564;2;11656151;0;1587419;0;4729876816;1;0;1;0
1234561815;53;39069608;3;43590733;0;3029086;19223694;412920917;1;0;1;1
1234561052;31;16886068;2;19405383;19911493;0;0;4061894518;1;1;0;0
1234561208;45;37544469;2;17306238;0;1618510;0;5183138380;1;0;1;0
1234561584;36;19035586;2;45075716;0;0;17428612;2055411939;1;0;0;1
1234561112;27;48427026;3;39748676;5070223;4660738;0;5034736475;1;1;1;0
1234561204;52;26987057;4;33803317;21220833;1045417;18584663;1599433214;1;1;1;1
1234561650;23;26440860;1;30362781;0;0;0;2477541722;1;0;0;0
1234561559;49;38113764;1;18771589;0;0;0;2018186353;1;0;0;0
1234561206;50;44205025;3;34467202;13351193;4642704;0;1251231940;1;1;1;0
1234561458;33;18666584;2;44185267;23306439;0;0;5125379204;1;1;0;0
1234561996;29;22969406;4;3587846;28092271;3807448;17837174;5423050176;1;1;1;1
1234561240;34;26293078;2;40122305;0;0;16672872;5395037893;1;0;0;1
1234561707;34;33554522;2;24092352;6465389;0;0;3448169311;1;1;0;0
1234561963;34;19230706;4;29385456;14434051;3569367;11691747;4037910324;1;1;1;1
1234561682;40;48104582;2;46028188;24772488;0;0;4997178047;1;1;0;0
1234561719;21;48196470;2;38554558;0;0;11140812;3196388987;1;0;0;1
1234561123;47;21661493;4;6236877;29986125;1851795;16460874;5685910046;1;1;1;1
1234561742;54;28110542;2;17284239;0;1999407;0;4916517411;1;0;1;0
1234561257;32;49287910;2;26577340;0;0;15330682;1691969023;1;0;0;1
1234561448;53;19893367;3;33061280;0;1689224;14497888;882136097;1;0;1;1
1234561109;49;37968229;2;34645384;4717035;0;0;3323269033;1;1;0;0
1234561283;39;48833864;2;20292816;21902965;0;0;629913517;1;1;0;0
1234561529;26;28320259;4;3475950;8336484;4893242;18359207;2119062825;1;1;1;1
1234561809;21;43096334;1;33338581;0;0;0;5943736593;1;0;0;0
1234561913;42;36409132;1;38926686;0;0;0;4724479458;1;0;0;0
1234561687;30;46821736;3;47292109;0;4425275;17361008;4133778856;1;0;1;1
1234561511;50;27503558;3;35187058;28293137;3638329;0;517193890;1;1;1;0
1234561560;34;34670765;4;6623793;26069808;4358678;15810349;380706984;1;1;1;1
1234561139;39;13592087;2;7262754;0;4084714;0;5595048602;1;0;1;0
1234561829;32;37021050;2;13581658;0;2953910;0;2953948713;1;0;1;0
1234561034;25;40252881;2;43192096;0;0;10287774;1578217664;1;0;0;1
1234561803;48;17320286;2;22175653;0;0;15382000;4666078457;1;0;0;1
1234561666;30;10670370;3;37396695;11438129;974289;0;2071816273;1;1;1;0
1234561405;34;10669521;2;35192784;25572125;0;0;5430237629;1;1;0;0
1234561552;23;18409421;2;48816947;16134540;0;0;4093863711;1;1;0;0
1234561592;36;40018102;3;21883213;5701556;1913016;0;1509434634;1;1;1;0
1234561664;27;41899375;2;31049912;6456649;0;0;4363371962;1;1;0;0
1234561123;39;28925144;3;15584300;19903960;653487;0;5067240292;1;1;1;0
1234561597;42;28106836;2;3709573;1930736;0;0;5767244564;1;1;0;0
1234561754;21;24167102;3;39456715;0;2013222;15787436;3385202338;1;0;1;1
1234561213;44;46898922;2;12646348;19528922;0;0;5315455601;1;1;0;0
1234561528;36;11667698;4;35852089;15474352;2186555;16872487;4256855502;1;1;1;1
1234561349;28;45354090;2;14355813;0;3390105;0;4298734352;1;0;1;0
1234561667;31;38775575;2;38477094;0;4941617;0;4028966174;1;0;1;0
1234561350;21;32977986;2;47973329;0;0;12883732;5432250214;1;0;0;1
1234561775;52;35355565;2;23304664;4368881;0;0;5499780718;1;1;0;0
1234561678;26;40711017;3;36182124;17985798;0;17673862;5508414009;1;1;0;1
1234561161;49;42135459;2;16279055;0;0;14554082;1700616075;1;0;0;1
1234561001;26;17328548;3;47780943;0;3049704;12526557;5187432236;1;0;1;1
1234561155;43;43768405;3;9695037;15112557;0;13734210;4553319152;1;1;0;1
1234561532;53;19450301;2;33356885;18576166;0;0;2296746512;1;1;0;0
1234561860;25;21665669;3;13625460;6115452;0;18511521;5550080540;1;1;0;1
1234561080;54;43195903;3;23336851;0;3422019;17338522;3337678021;1;0;1;1
1234561409;35;23253375;2;47769894;0;0;15862863;4764214522;1;0;0;1
1234561712;38;46549729;2;27864423;0;4908857;0;1469306275;1;0;1;0
1234561935;20;29529729;1;22362726;0;0;0;5124034479;1;0;0;0
1234561899;55;12757003;3;12266933;3016057;3239846;0;4963816637;1;1;1;0
1234561395;22;15204008;3;30877736;0;2809455;11130125;3764365195;1;0;1;1
1234561375;34;10484876;2;49806534;0;3741649;0;1519898855;1;0;1;0
1234561449;29;43606585;4;9853800;26974397;3945038;16791976;2409660863;1;1;1;1
1234561283;28;48983658;4;42708132;16740961;1677241;13496744;3727713824;1;1;1;1
1234561187;44;11388443;2;49347254;0;0;18224137;571762042;1;0;0;1
1234561035;32;40868395;3;20693966;0;1344654;14958212;1649862486;1;0;1;1
1234561348;42;33318427;2;13698833;0;1544971;0;5845989185;1;0;1;0
1234561956;55;16758816;3;20289242;14237706;773330;0;2113483827;1;1;1;0
1234561597;40;33803821;2;22434648;0;0;18184646;1971887083;1;0;0;1
1234561030;27;11140839;2;40064146;0;1700184;0;1249437049;1;0;1;0
1234561383;30;11291298;4;14467811;10107682;510907;12891971;5435095285;1;1;1;1
1234561540;45;47366220;3;47081073;0;1540089;18704118;4828856961;1;0;1;1
1234561604;26;33570874;4;25033404;11291582;3478078;15733788;1293190860;1;1;1;1
1234561350;53;20718527;2;43137668;27162538;0;0;2943142198;1;1;0;0
1234561763;32;26686318;2;29175986;0;2077144;0;5416584861;1;0;1;0
1234561735;40;39485916;2;21244477;0;0;15963358;4700967578;1;0;0;1
1234561874;38;26745841;2;36843948;0;653173;0;4631602384;1;0;1;0
1234561244;45;13333622;2;29225158;0;0;16123527;5635103534;1;0;0;1
1234561535;24;23866801;3;12529516;0;3897367;13676008;3577784146;1;0;1;1
1234561734;39;34494697;3;37622861;29266144;4415828;0;3173179710;1;1;1;0
1234561817;36;34584715;2;4677196;0;0;10224456;4961510793;1;0;0;1
1234561519;48;32605228;3;9586820;0;2615091;13205825;2368496213;1;0;1;1
1234561281;54;32372505;1;34328335;0;0;0;1410387500;1;0;0;0
1234561248;37;22703847;1;12013272;0;0;0;5708043493;1;0;0;0
1234561702;21;11577453;3;21367502;19607969;0;15160055;1416487794;1;1;0;1
1234561453;34;30649431;4;41632891;17754471;1355854;18512375;660176922;1;1;1;1
1234561347;36;10692752;2;38769242;0;2829152;0;2059221862;1;0;1;0
1234561393;42;17372471;2;33561652;0;3607066;0;2495146171;1;0;1;0
1234561007;44;22294320;2;27561670;20730335;0;0;2359759047;1;1;0;0
1234561955;35;27343075;2;22638260;16078380;0;0;2230894313;1;1;0;0
